sensor_id,timestamp,temperature,humidity,location,sensor_type
1097,2025-04-11 05:11:22,32.62,58.12,BuildingA_Floor1,TypeB
1023,2025-04-10 16:18:05,22.5,64.94,BuildingA_Floor1,TypeB
1079,2025-04-12 08:14:53,22.62,50.67,BuildingB_Floor2,TypeB
1039,2025-04-11 07:49:48,20.11,59.21,BuildingA_Floor1,TypeB
1005,2025-04-12 12:47:38,28.12,34.19,BuildingA_Floor1,TypeB
1083,2025-04-12 19:46:27,21.74,53.47,BuildingA_Floor1,TypeB
1026,2025-04-11 19:49:33,29.86,56.3,BuildingA_Floor1,TypeB
1070,2025-04-13 22:25:22,30.27,63.97,BuildingA_Floor1,TypeA
1018,2025-04-13 10:10:50,21.27,50.99,BuildingA_Floor2,TypeC
1077,2025-04-13 14:55:53,19.38,44.46,BuildingB_Floor1,TypeB
1014,2025-04-13 13:09:15,30.06,44.78,BuildingA_Floor2,TypeC
1056,2025-04-13 23:46:53,26.91,72.52,BuildingA_Floor1,TypeA
1025,2025-04-14 22:20:05,30.27,56.86,BuildingB_Floor1,TypeC
1038,2025-04-15 15:19:32,32.06,34.04,BuildingB_Floor1,TypeC
1039,2025-04-14 14:58:23,19.31,53.51,BuildingA_Floor1,TypeB
1025,2025-04-14 14:05:06,23.43,41.58,BuildingA_Floor2,TypeB
1039,2025-04-12 13:07:05,31.01,75.03,BuildingA_Floor1,TypeC
1016,2025-04-15 03:47:16,21.57,54.85,BuildingB_Floor2,TypeC
1010,2025-04-14 11:18:02,17.82,71.05,BuildingB_Floor2,TypeA
1058,2025-04-10 19:53:39,26.16,35.53,BuildingB_Floor2,TypeA
1024,2025-04-15 05:29:18,30.62,59.2,BuildingA_Floor2,TypeA
1065,2025-04-13 17:17:32,27.41,45.67,BuildingB_Floor2,TypeC
1042,2025-04-15 05:57:44,29.27,55.6,BuildingB_Floor1,TypeC
1092,2025-04-11 10:16:50,27.74,40.17,BuildingA_Floor1,TypeC
1030,2025-04-14 00:16:53,21.88,60.47,BuildingA_Floor2,TypeA
1042,2025-04-13 05:45:35,29.02,73.58,BuildingB_Floor2,TypeC
1029,2025-04-15 05:57:34,21.19,55.33,BuildingA_Floor1,TypeC
1013,2025-04-12 09:32:36,30.6,48.21,BuildingA_Floor2,TypeA
1025,2025-04-15 02:24:20,15.64,74.93,BuildingA_Floor1,TypeC
1046,2025-04-12 16:27:55,22.17,55.12,BuildingB_Floor2,TypeB
1035,2025-04-10 22:33:08,17.74,70.59,BuildingA_Floor2,TypeC
1030,2025-04-13 12:54:04,20.02,50.24,BuildingB_Floor1,TypeB
1052,2025-04-12 21:18:32,30.68,43.16,BuildingA_Floor2,TypeC
1075,2025-04-12 22:26:26,24.2,56.0,BuildingA_Floor2,TypeB
1075,2025-04-14 08:47:48,15.05,63.48,BuildingB_Floor2,TypeA
1080,2025-04-14 21:07:09,33.39,43.58,BuildingA_Floor2,TypeB
1026,2025-04-15 01:42:27,27.87,41.65,BuildingA_Floor1,TypeB
1026,2025-04-12 08:57:20,24.55,32.4,BuildingB_Floor1,TypeB
1038,2025-04-10 23:27:48,16.22,46.4,BuildingB_Floor1,TypeC
1085,2025-04-15 12:23:38,18.11,71.82,BuildingA_Floor2,TypeC
1053,2025-04-12 19:19:43,33.96,70.97,BuildingB_Floor1,TypeC
1087,2025-04-14 01:01:43,33.26,35.87,BuildingA_Floor1,TypeC
1047,2025-04-14 16:22:36,16.28,62.11,BuildingA_Floor2,TypeC
1027,2025-04-12 16:14:41,19.27,43.3,BuildingB_Floor2,TypeA
1022,2025-04-14 21:22:55,33.43,64.84,BuildingB_Floor2,TypeA
1040,2025-04-13 09:40:21,22.83,33.77,BuildingA_Floor1,TypeB
1090,2025-04-15 03:23:56,28.3,44.16,BuildingB_Floor1,TypeC
1073,2025-04-15 12:01:04,23.0,31.25,BuildingA_Floor2,TypeC
1064,2025-04-13 06:21:18,24.84,34.66,BuildingA_Floor1,TypeA
1096,2025-04-13 11:41:27,17.46,69.87,BuildingB_Floor2,TypeA
1094,2025-04-13 21:55:36,16.28,30.5,BuildingA_Floor2,TypeA
1095,2025-04-15 11:59:49,15.91,41.11,BuildingA_Floor1,TypeB
1017,2025-04-12 11:23:23,17.0,55.71,BuildingB_Floor1,TypeC
1097,2025-04-12 15:28:33,17.31,37.65,BuildingB_Floor2,TypeB
1053,2025-04-14 07:56:33,30.61,77.16,BuildingB_Floor1,TypeB
1043,2025-04-14 04:53:59,19.65,32.5,BuildingA_Floor1,TypeC
1057,2025-04-13 18:04:43,20.25,46.07,BuildingB_Floor2,TypeC
1034,2025-04-10 20:18:04,18.68,39.8,BuildingB_Floor2,TypeB
1093,2025-04-11 09:27:03,26.5,69.28,BuildingA_Floor1,TypeB
1056,2025-04-12 18:01:52,33.83,79.1,BuildingB_Floor2,TypeA
1062,2025-04-12 07:57:52,26.97,58.44,BuildingA_Floor2,TypeC
1080,2025-04-12 18:49:47,29.63,66.46,BuildingB_Floor2,TypeB
1034,2025-04-14 01:56:51,17.27,45.74,BuildingA_Floor2,TypeB
1093,2025-04-12 10:05:40,30.63,43.35,BuildingA_Floor2,TypeB
1091,2025-04-10 19:39:11,31.49,42.43,BuildingB_Floor1,TypeB
1012,2025-04-14 16:09:25,20.3,61.59,BuildingB_Floor2,TypeA
1055,2025-04-11 11:47:33,21.78,40.27,BuildingB_Floor1,TypeA
1041,2025-04-13 09:06:17,18.9,30.07,BuildingB_Floor2,TypeB
1029,2025-04-12 07:41:04,28.47,41.37,BuildingB_Floor2,TypeA
1062,2025-04-10 22:02:16,16.15,40.29,BuildingB_Floor1,TypeC
1016,2025-04-15 06:54:56,29.04,50.58,BuildingA_Floor2,TypeB
1007,2025-04-12 20:30:49,24.27,78.78,BuildingB_Floor2,TypeB
1060,2025-04-14 03:22:39,32.73,77.52,BuildingA_Floor2,TypeC
1064,2025-04-11 09:28:00,21.08,44.28,BuildingB_Floor2,TypeA
1046,2025-04-11 19:14:45,27.91,37.53,BuildingB_Floor2,TypeB
1024,2025-04-12 04:38:37,29.06,58.57,BuildingB_Floor2,TypeA
1049,2025-04-14 18:29:36,21.21,46.62,BuildingA_Floor2,TypeB
1062,2025-04-13 15:46:52,24.25,57.02,BuildingB_Floor1,TypeA
1066,2025-04-12 20:56:32,21.65,32.44,BuildingA_Floor1,TypeB
1053,2025-04-13 12:28:31,19.52,62.94,BuildingA_Floor1,TypeA
1037,2025-04-12 04:03:50,18.21,76.57,BuildingB_Floor2,TypeB
1052,2025-04-13 20:47:43,32.54,35.23,BuildingB_Floor1,TypeB
1031,2025-04-11 07:41:54,16.86,64.1,BuildingA_Floor1,TypeB
1089,2025-04-14 13:15:50,29.72,74.44,BuildingB_Floor1,TypeB
1017,2025-04-12 09:47:34,19.51,68.27,BuildingB_Floor1,TypeA
1082,2025-04-12 02:57:04,27.43,70.62,BuildingB_Floor1,TypeA
1048,2025-04-13 02:46:25,32.62,47.37,BuildingB_Floor2,TypeC
1068,2025-04-12 06:11:30,25.94,55.23,BuildingB_Floor1,TypeB
1006,2025-04-15 06:37:02,29.26,48.92,BuildingA_Floor2,TypeA
1037,2025-04-14 23:01:53,25.95,73.13,BuildingB_Floor1,TypeB
1066,2025-04-10 21:49:02,30.02,38.11,BuildingA_Floor2,TypeB
1049,2025-04-10 16:36:08,31.84,46.54,BuildingA_Floor2,TypeB
1006,2025-04-12 17:23:00,19.56,32.73,BuildingA_Floor2,TypeC
1077,2025-04-12 01:47:21,27.88,58.31,BuildingB_Floor1,TypeB
1059,2025-04-12 18:36:42,24.43,65.17,BuildingA_Floor1,TypeB
1016,2025-04-12 15:34:59,34.98,50.71,BuildingB_Floor1,TypeC
1048,2025-04-14 08:43:55,16.07,55.9,BuildingA_Floor2,TypeB
1027,2025-04-12 23:21:07,24.48,61.04,BuildingB_Floor2,TypeB
1047,2025-04-14 11:47:52,27.65,33.8,BuildingA_Floor2,TypeB
1088,2025-04-14 00:17:27,23.08,49.67,BuildingB_Floor1,TypeB
1050,2025-04-14 08:29:33,34.49,72.32,BuildingA_Floor2,TypeB
1084,2025-04-11 05:09:29,30.94,39.18,BuildingB_Floor1,TypeB
1031,2025-04-11 06:15:25,22.0,74.14,BuildingA_Floor1,TypeA
1063,2025-04-14 10:08:12,29.91,59.11,BuildingA_Floor2,TypeA
1006,2025-04-11 12:24:35,23.67,75.01,BuildingB_Floor1,TypeB
1091,2025-04-13 20:16:58,32.26,46.51,BuildingB_Floor1,TypeA
1007,2025-04-11 12:09:30,33.88,69.15,BuildingA_Floor2,TypeB
1075,2025-04-11 14:45:28,21.98,35.73,BuildingB_Floor1,TypeC
1055,2025-04-11 23:31:39,19.37,58.71,BuildingA_Floor2,TypeA
1092,2025-04-13 20:54:45,23.07,30.45,BuildingB_Floor1,TypeC
1053,2025-04-12 12:10:41,32.54,56.88,BuildingA_Floor1,TypeA
1072,2025-04-11 03:52:55,21.25,65.83,BuildingA_Floor2,TypeB
1023,2025-04-14 12:35:12,16.8,67.84,BuildingB_Floor2,TypeA
1067,2025-04-11 10:44:12,31.6,74.64,BuildingB_Floor2,TypeC
1072,2025-04-14 14:45:44,33.63,51.03,BuildingA_Floor2,TypeA
1005,2025-04-11 14:19:58,21.83,44.45,BuildingB_Floor1,TypeC
1022,2025-04-14 19:25:50,32.78,73.71,BuildingB_Floor1,TypeC
1027,2025-04-11 20:34:53,32.13,35.15,BuildingB_Floor1,TypeC
1090,2025-04-14 15:14:18,16.07,42.76,BuildingA_Floor2,TypeC
1038,2025-04-11 18:49:29,25.65,50.56,BuildingA_Floor1,TypeC
1097,2025-04-14 21:23:38,31.82,40.61,BuildingB_Floor1,TypeC
1009,2025-04-11 02:11:55,15.84,79.77,BuildingA_Floor1,TypeC
1052,2025-04-14 02:39:05,30.15,62.99,BuildingB_Floor1,TypeC
1008,2025-04-14 01:47:31,23.36,34.5,BuildingB_Floor1,TypeB
1052,2025-04-14 13:54:41,22.64,30.44,BuildingA_Floor2,TypeB
1096,2025-04-11 07:59:55,31.94,62.78,BuildingB_Floor1,TypeB
1023,2025-04-15 11:15:40,29.34,76.26,BuildingB_Floor2,TypeC
1001,2025-04-14 18:45:30,27.02,73.27,BuildingA_Floor1,TypeA
1032,2025-04-13 08:15:33,23.38,57.83,BuildingA_Floor2,TypeB
1053,2025-04-10 19:19:23,17.79,51.39,BuildingA_Floor2,TypeB
1051,2025-04-13 09:46:14,32.05,69.91,BuildingA_Floor1,TypeA
1071,2025-04-11 01:14:18,21.26,79.56,BuildingB_Floor1,TypeA
1025,2025-04-15 07:12:25,30.16,44.07,BuildingB_Floor2,TypeC
1025,2025-04-14 18:38:14,25.73,61.97,BuildingA_Floor2,TypeC
1083,2025-04-12 17:15:50,20.96,50.94,BuildingB_Floor2,TypeB
1076,2025-04-11 23:34:09,27.77,48.69,BuildingA_Floor1,TypeA
1051,2025-04-14 07:06:56,33.83,32.42,BuildingA_Floor1,TypeC
1016,2025-04-14 01:33:57,22.91,62.97,BuildingB_Floor1,TypeA
1064,2025-04-14 02:22:48,19.68,55.28,BuildingA_Floor1,TypeA
1037,2025-04-11 13:16:03,21.63,61.16,BuildingB_Floor1,TypeB
1017,2025-04-14 22:39:11,28.39,72.01,BuildingA_Floor2,TypeB
1095,2025-04-10 17:50:53,22.29,50.21,BuildingA_Floor2,TypeC
1080,2025-04-13 15:20:04,32.42,63.98,BuildingA_Floor1,TypeC
1013,2025-04-14 16:44:36,27.84,54.48,BuildingB_Floor1,TypeA
1044,2025-04-14 04:33:53,29.41,59.97,BuildingB_Floor1,TypeA
1057,2025-04-12 21:12:17,32.94,30.55,BuildingB_Floor1,TypeC
1058,2025-04-11 08:06:56,28.88,79.56,BuildingA_Floor1,TypeA
1019,2025-04-10 17:17:37,20.47,64.25,BuildingA_Floor1,TypeA
1017,2025-04-12 12:06:08,23.91,58.92,BuildingA_Floor1,TypeC
1004,2025-04-11 11:08:13,34.21,39.16,BuildingA_Floor1,TypeB
1061,2025-04-14 07:13:27,22.94,51.31,BuildingB_Floor1,TypeB
1062,2025-04-13 08:32:16,22.02,69.49,BuildingA_Floor1,TypeC
1086,2025-04-13 12:26:13,27.21,36.53,BuildingB_Floor1,TypeA
1100,2025-04-11 10:30:58,21.43,70.27,BuildingB_Floor2,TypeC
1092,2025-04-15 13:43:45,16.12,39.28,BuildingA_Floor1,TypeC
1007,2025-04-12 13:11:12,23.98,53.37,BuildingA_Floor1,TypeC
1090,2025-04-15 04:19:43,33.32,47.88,BuildingA_Floor1,TypeA
1050,2025-04-13 05:43:03,18.53,37.94,BuildingB_Floor1,TypeA
1066,2025-04-15 01:42:56,19.08,54.69,BuildingB_Floor2,TypeC
1083,2025-04-14 21:15:54,20.06,52.34,BuildingA_Floor2,TypeC
1096,2025-04-13 17:16:27,24.13,58.72,BuildingA_Floor1,TypeC
1036,2025-04-11 19:58:36,22.11,56.52,BuildingA_Floor2,TypeC
1084,2025-04-11 20:50:18,15.88,45.26,BuildingA_Floor2,TypeB
1093,2025-04-12 21:00:05,32.54,73.24,BuildingB_Floor2,TypeA
1091,2025-04-11 11:48:45,30.06,31.43,BuildingA_Floor1,TypeC
1096,2025-04-13 10:39:43,25.17,62.78,BuildingA_Floor2,TypeC
1037,2025-04-12 04:36:27,17.4,78.89,BuildingA_Floor2,TypeB
1047,2025-04-14 08:56:03,25.34,66.06,BuildingB_Floor1,TypeB
1071,2025-04-11 16:25:05,31.58,59.89,BuildingB_Floor2,TypeC
1018,2025-04-13 21:53:00,24.47,46.52,BuildingB_Floor1,TypeC
1063,2025-04-12 12:17:02,30.94,79.71,BuildingB_Floor2,TypeA
1090,2025-04-12 22:32:11,25.93,48.96,BuildingB_Floor2,TypeB
1088,2025-04-14 18:36:33,21.92,50.63,BuildingB_Floor2,TypeB
1066,2025-04-14 10:32:12,32.39,63.35,BuildingA_Floor1,TypeB
1079,2025-04-14 19:57:33,31.18,38.06,BuildingA_Floor2,TypeB
1045,2025-04-12 01:49:50,19.88,71.69,BuildingB_Floor1,TypeA
1043,2025-04-10 17:49:53,23.95,76.17,BuildingB_Floor1,TypeC
1026,2025-04-13 04:48:14,20.92,59.33,BuildingB_Floor1,TypeA
1092,2025-04-10 22:55:04,30.21,31.58,BuildingA_Floor1,TypeB
1000,2025-04-11 05:30:50,27.25,48.76,BuildingA_Floor2,TypeB
1091,2025-04-12 05:25:44,19.38,40.86,BuildingB_Floor1,TypeA
1086,2025-04-14 20:34:11,34.33,54.29,BuildingB_Floor2,TypeA
1085,2025-04-12 04:51:32,19.47,65.44,BuildingB_Floor2,TypeB
1045,2025-04-14 13:46:56,32.21,45.33,BuildingA_Floor2,TypeA
1055,2025-04-13 15:56:58,33.24,42.05,BuildingA_Floor1,TypeA
1056,2025-04-13 08:37:33,30.31,34.55,BuildingA_Floor1,TypeB
1004,2025-04-13 07:01:45,32.88,57.03,BuildingB_Floor2,TypeA
1030,2025-04-13 07:08:57,21.83,72.73,BuildingA_Floor2,TypeB
1071,2025-04-11 05:58:17,26.87,53.36,BuildingA_Floor1,TypeA
1059,2025-04-10 20:03:39,25.8,56.33,BuildingA_Floor2,TypeA
1040,2025-04-14 10:45:07,19.88,58.38,BuildingB_Floor1,TypeA
1060,2025-04-14 12:51:45,22.7,73.14,BuildingA_Floor1,TypeC
1030,2025-04-11 06:49:27,32.04,54.77,BuildingB_Floor1,TypeC
1092,2025-04-12 12:48:27,34.36,41.29,BuildingB_Floor1,TypeA
1094,2025-04-11 12:06:06,17.17,64.49,BuildingB_Floor1,TypeC
1011,2025-04-12 01:55:18,33.62,38.14,BuildingA_Floor2,TypeB
1042,2025-04-12 19:36:02,18.37,46.72,BuildingA_Floor2,TypeA
1021,2025-04-12 15:23:13,22.97,55.37,BuildingB_Floor2,TypeC
1025,2025-04-13 06:19:11,21.76,61.57,BuildingB_Floor1,TypeB
1079,2025-04-14 10:49:22,26.28,59.92,BuildingB_Floor2,TypeA
1042,2025-04-14 07:02:42,17.98,56.84,BuildingB_Floor2,TypeA
1087,2025-04-10 22:58:01,23.3,55.73,BuildingB_Floor2,TypeA
1050,2025-04-12 14:14:56,30.08,72.44,BuildingA_Floor2,TypeB
1083,2025-04-13 14:46:54,23.34,53.91,BuildingB_Floor1,TypeA
1095,2025-04-14 16:49:01,34.26,39.61,BuildingB_Floor1,TypeA
1082,2025-04-10 23:22:01,19.44,60.11,BuildingA_Floor2,TypeB
1045,2025-04-13 14:55:25,28.06,31.79,BuildingA_Floor1,TypeC
1043,2025-04-11 02:44:04,20.43,63.95,BuildingB_Floor2,TypeA
1061,2025-04-10 22:21:37,23.76,44.69,BuildingB_Floor2,TypeB
1034,2025-04-14 02:02:05,24.19,63.01,BuildingB_Floor2,TypeB
1059,2025-04-13 02:32:36,17.42,48.22,BuildingA_Floor1,TypeC
1026,2025-04-12 08:53:42,27.94,76.46,BuildingA_Floor2,TypeC
1033,2025-04-13 13:12:46,17.36,58.16,BuildingB_Floor2,TypeA
1076,2025-04-11 21:59:40,27.76,75.81,BuildingA_Floor2,TypeC
1002,2025-04-14 04:07:50,15.61,40.18,BuildingB_Floor2,TypeA
1015,2025-04-14 06:24:15,23.33,77.42,BuildingB_Floor1,TypeC
1057,2025-04-14 09:21:21,25.23,37.87,BuildingB_Floor2,TypeA
1039,2025-04-11 18:26:23,32.45,47.21,BuildingB_Floor1,TypeA
1035,2025-04-13 23:26:20,25.26,36.19,BuildingB_Floor1,TypeC
1081,2025-04-14 21:55:07,15.21,62.71,BuildingA_Floor1,TypeC
1046,2025-04-12 10:08:18,34.21,57.3,BuildingA_Floor1,TypeB
1026,2025-04-13 09:43:06,17.84,41.11,BuildingB_Floor1,TypeC
1006,2025-04-11 01:50:32,15.03,63.47,BuildingA_Floor1,TypeA
1030,2025-04-13 13:00:03,27.74,68.74,BuildingB_Floor2,TypeB
1036,2025-04-14 17:10:42,22.57,33.65,BuildingA_Floor1,TypeB
1051,2025-04-13 08:50:56,20.59,48.57,BuildingA_Floor1,TypeA
1000,2025-04-10 17:37:59,34.21,72.76,BuildingA_Floor1,TypeA
1090,2025-04-12 08:21:27,21.94,55.79,BuildingB_Floor2,TypeC
1010,2025-04-14 17:41:15,16.98,60.34,BuildingA_Floor1,TypeB
1003,2025-04-13 13:18:22,19.97,59.31,BuildingB_Floor2,TypeC
1077,2025-04-11 00:01:48,18.02,43.05,BuildingA_Floor2,TypeA
1096,2025-04-13 01:52:09,16.5,33.99,BuildingA_Floor2,TypeB
1038,2025-04-14 19:33:40,34.6,35.53,BuildingA_Floor2,TypeB
1057,2025-04-14 04:36:13,17.01,50.5,BuildingB_Floor1,TypeA
1067,2025-04-13 14:05:40,23.15,65.52,BuildingB_Floor2,TypeA
1095,2025-04-12 06:32:14,34.96,57.08,BuildingB_Floor1,TypeC
1062,2025-04-15 14:44:52,16.21,52.39,BuildingB_Floor2,TypeB
1022,2025-04-13 15:35:23,16.13,53.67,BuildingB_Floor2,TypeC
1088,2025-04-13 06:46:09,23.94,56.25,BuildingA_Floor2,TypeC
1099,2025-04-11 03:54:55,19.04,66.28,BuildingA_Floor2,TypeB
1008,2025-04-15 09:33:20,34.22,47.07,BuildingA_Floor1,TypeC
1034,2025-04-11 14:01:13,20.97,50.64,BuildingA_Floor2,TypeB
1050,2025-04-12 23:58:51,27.5,69.55,BuildingB_Floor1,TypeA
1052,2025-04-11 18:09:34,24.46,56.53,BuildingA_Floor1,TypeA
1048,2025-04-15 06:18:59,25.53,57.0,BuildingA_Floor1,TypeA
1096,2025-04-11 11:21:34,26.35,52.63,BuildingB_Floor1,TypeC
1000,2025-04-15 02:28:48,18.11,33.25,BuildingB_Floor2,TypeC
1093,2025-04-11 22:29:52,24.96,72.97,BuildingA_Floor1,TypeA
1003,2025-04-14 23:00:06,15.83,58.48,BuildingA_Floor1,TypeB
1088,2025-04-10 21:29:24,20.81,73.16,BuildingA_Floor2,TypeB
1022,2025-04-13 20:29:08,27.48,64.73,BuildingA_Floor1,TypeA
1075,2025-04-13 08:38:00,29.88,31.86,BuildingA_Floor2,TypeA
1076,2025-04-11 23:19:01,30.39,39.52,BuildingB_Floor1,TypeA
1019,2025-04-13 21:12:16,33.89,48.49,BuildingA_Floor1,TypeC
1064,2025-04-13 04:27:50,32.44,70.89,BuildingA_Floor1,TypeC
1085,2025-04-10 23:04:56,18.36,44.42,BuildingA_Floor2,TypeB
1000,2025-04-11 23:16:53,16.47,44.01,BuildingA_Floor1,TypeB
1017,2025-04-10 22:10:06,27.91,63.23,BuildingA_Floor1,TypeA
1079,2025-04-14 14:41:03,23.79,55.63,BuildingB_Floor2,TypeC
1032,2025-04-11 20:22:24,24.93,72.21,BuildingA_Floor1,TypeA
1001,2025-04-13 08:46:54,32.47,43.34,BuildingB_Floor2,TypeC
1095,2025-04-12 02:33:25,18.2,33.32,BuildingA_Floor2,TypeA
1035,2025-04-10 16:15:26,34.73,50.54,BuildingA_Floor1,TypeB
1089,2025-04-11 09:45:25,22.58,49.91,BuildingA_Floor1,TypeA
1017,2025-04-10 22:53:47,31.82,37.45,BuildingB_Floor2,TypeC
1027,2025-04-11 00:44:01,21.48,77.7,BuildingA_Floor1,TypeB
1021,2025-04-11 18:48:04,32.68,43.09,BuildingA_Floor2,TypeA
1092,2025-04-12 02:09:45,19.5,59.56,BuildingA_Floor2,TypeC
1099,2025-04-11 02:50:01,32.01,76.07,BuildingB_Floor1,TypeC
1094,2025-04-13 01:08:27,21.64,51.81,BuildingA_Floor2,TypeC
1018,2025-04-11 08:29:23,34.4,74.32,BuildingA_Floor2,TypeC
1020,2025-04-14 08:24:35,19.4,76.19,BuildingB_Floor1,TypeA
1094,2025-04-12 07:56:03,33.77,75.36,BuildingA_Floor1,TypeA
1092,2025-04-13 00:51:51,15.5,41.78,BuildingA_Floor1,TypeA
1066,2025-04-15 07:06:20,27.68,33.35,BuildingA_Floor1,TypeA
1000,2025-04-13 23:32:13,26.28,53.06,BuildingA_Floor1,TypeC
1069,2025-04-13 12:37:51,26.53,54.46,BuildingA_Floor1,TypeC
1013,2025-04-15 06:02:54,25.15,58.84,BuildingB_Floor1,TypeC
1025,2025-04-11 03:52:03,17.95,61.96,BuildingA_Floor2,TypeC
1087,2025-04-13 12:55:17,21.85,36.22,BuildingA_Floor1,TypeC
1013,2025-04-12 00:12:34,29.67,54.95,BuildingB_Floor2,TypeA
1043,2025-04-10 20:54:01,17.94,36.94,BuildingB_Floor2,TypeC
1073,2025-04-15 02:34:06,18.35,55.19,BuildingA_Floor1,TypeC
1097,2025-04-14 21:24:06,16.63,37.1,BuildingA_Floor1,TypeC
1030,2025-04-11 17:32:27,23.36,39.11,BuildingB_Floor2,TypeB
1098,2025-04-15 01:44:41,17.42,75.45,BuildingA_Floor2,TypeC
1038,2025-04-14 18:38:31,23.78,74.33,BuildingB_Floor2,TypeB
1016,2025-04-13 13:32:23,21.34,47.46,BuildingB_Floor2,TypeA
1008,2025-04-11 23:28:32,16.8,54.45,BuildingA_Floor1,TypeA
1002,2025-04-11 21:02:43,29.58,39.47,BuildingA_Floor1,TypeA
1080,2025-04-15 10:03:02,29.74,70.12,BuildingB_Floor1,TypeA
1016,2025-04-15 10:37:30,26.12,76.55,BuildingA_Floor2,TypeB
1067,2025-04-13 05:16:16,15.38,36.29,BuildingB_Floor1,TypeC
1024,2025-04-14 21:53:37,16.97,39.5,BuildingB_Floor1,TypeA
1062,2025-04-12 21:25:54,20.23,79.49,BuildingB_Floor1,TypeB
1091,2025-04-15 11:50:05,31.51,73.87,BuildingB_Floor1,TypeA
1086,2025-04-13 19:01:54,24.89,46.39,BuildingA_Floor2,TypeC
1023,2025-04-12 10:38:00,34.37,69.1,BuildingB_Floor1,TypeA
1069,2025-04-11 08:50:21,32.83,44.75,BuildingB_Floor2,TypeC
1083,2025-04-11 10:46:45,23.82,61.95,BuildingB_Floor1,TypeB
1022,2025-04-13 01:58:28,20.2,46.6,BuildingB_Floor2,TypeB
1061,2025-04-15 08:45:58,28.71,72.0,BuildingB_Floor1,TypeB
1099,2025-04-13 18:57:06,21.29,50.6,BuildingA_Floor2,TypeB
1076,2025-04-13 21:19:46,19.11,38.33,BuildingA_Floor2,TypeA
1090,2025-04-14 01:22:09,15.74,31.31,BuildingA_Floor2,TypeC
1086,2025-04-14 05:41:08,24.6,54.58,BuildingB_Floor1,TypeC
1077,2025-04-12 02:11:24,21.31,53.37,BuildingB_Floor2,TypeC
1026,2025-04-14 12:29:39,16.89,73.15,BuildingA_Floor1,TypeB
1074,2025-04-12 08:09:02,21.44,32.52,BuildingA_Floor2,TypeA
1005,2025-04-13 14:36:52,16.83,79.79,BuildingA_Floor1,TypeB
1010,2025-04-15 14:44:29,22.96,37.88,BuildingA_Floor1,TypeA
1075,2025-04-11 01:22:56,23.09,35.68,BuildingA_Floor1,TypeC
1056,2025-04-12 05:29:57,31.23,58.38,BuildingB_Floor2,TypeA
1036,2025-04-10 17:33:57,19.17,53.25,BuildingA_Floor1,TypeC
1045,2025-04-11 02:11:24,25.41,41.21,BuildingA_Floor2,TypeA
1013,2025-04-12 00:54:38,18.27,51.77,BuildingB_Floor2,TypeC
1020,2025-04-14 13:38:28,24.8,65.25,BuildingB_Floor1,TypeC
1089,2025-04-13 17:55:11,15.55,60.35,BuildingA_Floor1,TypeC
1096,2025-04-13 18:35:25,29.51,55.82,BuildingB_Floor2,TypeB
1036,2025-04-13 21:30:36,33.71,30.81,BuildingB_Floor2,TypeA
1047,2025-04-13 06:27:13,24.57,54.61,BuildingB_Floor2,TypeC
1093,2025-04-13 10:16:50,27.12,74.37,BuildingA_Floor2,TypeA
1036,2025-04-12 13:36:23,31.76,55.9,BuildingA_Floor1,TypeA
1046,2025-04-13 01:46:32,24.09,53.06,BuildingB_Floor1,TypeB
1088,2025-04-14 10:17:22,34.23,51.08,BuildingB_Floor1,TypeB
1100,2025-04-14 14:15:59,31.46,53.39,BuildingB_Floor1,TypeA
1066,2025-04-11 07:07:38,15.9,55.2,BuildingA_Floor2,TypeA
1059,2025-04-11 19:04:39,19.64,60.8,BuildingB_Floor1,TypeB
1068,2025-04-12 23:55:54,30.55,46.52,BuildingB_Floor1,TypeC
1064,2025-04-11 20:09:15,20.03,62.65,BuildingB_Floor1,TypeC
1016,2025-04-14 19:37:02,21.92,51.12,BuildingB_Floor2,TypeA
1057,2025-04-11 06:32:11,34.03,45.78,BuildingA_Floor2,TypeA
1057,2025-04-15 03:18:53,24.95,75.78,BuildingA_Floor2,TypeA
1096,2025-04-13 20:52:19,15.78,41.52,BuildingB_Floor1,TypeB
1017,2025-04-14 10:39:56,34.37,73.05,BuildingA_Floor1,TypeB
1015,2025-04-10 19:17:14,24.83,57.95,BuildingA_Floor2,TypeA
1016,2025-04-13 09:04:22,21.23,32.8,BuildingA_Floor2,TypeC
1007,2025-04-15 03:00:48,28.25,33.4,BuildingA_Floor2,TypeA
1065,2025-04-11 08:07:41,15.02,42.76,BuildingB_Floor1,TypeB
1034,2025-04-13 01:58:26,15.11,75.83,BuildingB_Floor2,TypeC
1043,2025-04-14 06:34:22,29.03,65.03,BuildingB_Floor1,TypeC
1048,2025-04-14 19:56:59,26.14,52.02,BuildingA_Floor2,TypeA
1047,2025-04-11 06:44:27,28.6,53.16,BuildingA_Floor2,TypeA
1056,2025-04-11 21:26:26,21.63,60.11,BuildingA_Floor2,TypeC
1070,2025-04-12 12:04:59,34.63,73.02,BuildingB_Floor1,TypeA
1002,2025-04-14 11:02:04,27.8,48.48,BuildingB_Floor2,TypeC
1026,2025-04-14 23:55:48,34.7,66.51,BuildingB_Floor2,TypeA
1057,2025-04-11 02:33:53,32.06,39.7,BuildingA_Floor2,TypeC
1033,2025-04-14 18:22:02,20.2,30.24,BuildingB_Floor1,TypeB
1054,2025-04-15 08:34:10,29.7,68.13,BuildingA_Floor1,TypeB
1069,2025-04-15 15:20:15,29.1,75.67,BuildingB_Floor1,TypeC
1027,2025-04-14 18:59:48,34.13,33.82,BuildingB_Floor1,TypeC
1045,2025-04-14 09:37:21,24.22,73.84,BuildingA_Floor2,TypeA
1050,2025-04-12 19:56:37,25.14,44.74,BuildingA_Floor2,TypeA
1057,2025-04-10 18:42:59,24.77,30.3,BuildingA_Floor2,TypeA
1073,2025-04-15 02:51:16,30.58,31.07,BuildingB_Floor2,TypeC
1053,2025-04-11 23:31:19,22.66,45.54,BuildingB_Floor2,TypeB
1088,2025-04-12 14:22:52,15.06,76.55,BuildingA_Floor2,TypeC
1028,2025-04-13 01:26:50,16.99,42.68,BuildingB_Floor1,TypeA
1045,2025-04-15 13:00:56,34.79,53.81,BuildingA_Floor1,TypeC
1078,2025-04-14 06:25:33,22.75,79.19,BuildingA_Floor1,TypeC
1051,2025-04-14 07:33:24,30.82,44.28,BuildingB_Floor1,TypeC
1090,2025-04-13 21:03:01,31.73,32.07,BuildingA_Floor2,TypeA
1093,2025-04-12 20:40:36,32.61,53.47,BuildingA_Floor1,TypeB
1053,2025-04-13 02:58:08,20.4,77.8,BuildingB_Floor2,TypeB
1012,2025-04-14 19:42:53,30.86,76.87,BuildingA_Floor2,TypeC
1015,2025-04-14 11:31:16,34.54,60.21,BuildingA_Floor1,TypeB
1006,2025-04-15 01:55:03,29.2,70.61,BuildingB_Floor1,TypeA
1042,2025-04-14 14:19:44,30.94,67.11,BuildingA_Floor1,TypeB
1085,2025-04-10 23:42:37,17.28,31.65,BuildingB_Floor2,TypeB
1091,2025-04-14 01:03:51,26.48,37.64,BuildingB_Floor1,TypeC
1005,2025-04-10 21:21:19,32.6,50.53,BuildingB_Floor2,TypeA
1082,2025-04-12 06:59:09,22.39,78.72,BuildingA_Floor2,TypeB
1085,2025-04-13 10:10:16,28.46,34.56,BuildingB_Floor1,TypeA
1039,2025-04-12 00:29:48,22.81,64.4,BuildingA_Floor2,TypeA
1015,2025-04-10 16:16:46,18.56,65.04,BuildingB_Floor1,TypeB
1085,2025-04-13 10:54:37,34.55,38.81,BuildingB_Floor1,TypeB
1043,2025-04-12 20:34:50,22.26,66.76,BuildingB_Floor2,TypeB
1055,2025-04-15 10:04:53,27.64,55.49,BuildingB_Floor2,TypeA
1063,2025-04-13 13:48:46,15.08,36.48,BuildingA_Floor1,TypeA
1031,2025-04-15 07:18:16,34.26,49.26,BuildingB_Floor1,TypeC
1061,2025-04-10 16:46:42,19.81,43.4,BuildingB_Floor2,TypeC
1065,2025-04-14 03:38:07,26.26,53.09,BuildingB_Floor2,TypeB
1067,2025-04-10 19:49:30,29.29,41.97,BuildingB_Floor2,TypeC
1098,2025-04-14 10:01:58,26.8,77.22,BuildingA_Floor2,TypeC
1006,2025-04-10 22:20:23,15.82,68.59,BuildingB_Floor2,TypeB
1033,2025-04-11 23:40:35,24.44,79.57,BuildingA_Floor2,TypeA
1065,2025-04-13 21:31:08,27.37,77.13,BuildingA_Floor1,TypeB
1043,2025-04-12 04:10:54,29.89,44.68,BuildingB_Floor1,TypeA
1009,2025-04-14 13:33:42,31.87,67.68,BuildingA_Floor1,TypeB
1080,2025-04-13 22:40:39,19.75,30.1,BuildingA_Floor2,TypeB
1071,2025-04-11 00:54:55,29.34,75.92,BuildingA_Floor2,TypeB
1060,2025-04-11 05:29:51,18.48,39.17,BuildingB_Floor1,TypeA
1022,2025-04-13 14:10:54,27.84,52.61,BuildingB_Floor2,TypeB
1035,2025-04-13 22:08:52,18.45,49.9,BuildingA_Floor2,TypeC
1083,2025-04-14 11:31:26,16.31,66.84,BuildingB_Floor2,TypeC
1023,2025-04-11 07:29:12,18.51,43.14,BuildingB_Floor1,TypeA
1055,2025-04-15 14:06:06,31.21,73.0,BuildingA_Floor1,TypeA
1092,2025-04-11 04:49:32,32.2,71.04,BuildingA_Floor1,TypeB
1095,2025-04-12 21:59:01,19.84,67.25,BuildingB_Floor1,TypeC
1019,2025-04-11 00:28:20,15.67,71.25,BuildingB_Floor1,TypeB
1080,2025-04-11 19:41:30,24.49,65.79,BuildingA_Floor2,TypeC
1025,2025-04-14 02:59:58,16.8,57.42,BuildingA_Floor1,TypeB
1066,2025-04-11 17:57:16,26.74,52.51,BuildingA_Floor1,TypeB
1023,2025-04-13 18:06:21,18.12,51.47,BuildingB_Floor2,TypeA
1091,2025-04-12 19:50:13,16.95,79.05,BuildingA_Floor2,TypeA
1012,2025-04-11 04:16:08,31.32,53.42,BuildingB_Floor2,TypeB
1051,2025-04-13 00:32:59,19.3,78.39,BuildingB_Floor1,TypeC
1009,2025-04-15 14:22:12,32.3,48.59,BuildingA_Floor1,TypeB
1014,2025-04-14 19:15:09,19.84,45.56,BuildingA_Floor1,TypeC
1082,2025-04-15 03:48:19,25.99,67.69,BuildingB_Floor1,TypeC
1020,2025-04-11 19:37:57,22.36,46.42,BuildingA_Floor1,TypeC
1057,2025-04-10 23:10:29,33.76,66.63,BuildingA_Floor2,TypeC
1017,2025-04-13 15:30:32,27.03,68.73,BuildingA_Floor1,TypeA
1017,2025-04-15 13:47:11,23.38,51.71,BuildingA_Floor2,TypeC
1081,2025-04-12 06:34:17,34.65,32.46,BuildingA_Floor1,TypeA
1021,2025-04-14 03:09:08,30.29,40.41,BuildingB_Floor1,TypeA
1072,2025-04-14 00:33:51,25.37,41.5,BuildingA_Floor1,TypeC
1100,2025-04-13 02:10:59,26.54,77.25,BuildingA_Floor2,TypeA
1051,2025-04-14 19:09:01,30.2,74.99,BuildingA_Floor2,TypeC
1100,2025-04-11 12:30:08,24.23,54.91,BuildingA_Floor2,TypeA
1065,2025-04-13 06:40:42,18.96,58.5,BuildingB_Floor2,TypeC
1090,2025-04-13 01:48:17,30.71,36.05,BuildingB_Floor2,TypeC
1082,2025-04-12 23:44:06,25.23,33.94,BuildingA_Floor1,TypeB
1045,2025-04-11 22:19:44,15.21,39.72,BuildingB_Floor1,TypeA
1008,2025-04-13 13:46:17,20.85,39.24,BuildingB_Floor1,TypeC
1016,2025-04-14 13:46:26,31.03,43.97,BuildingA_Floor2,TypeB
1070,2025-04-14 06:19:33,24.15,50.91,BuildingB_Floor1,TypeB
1089,2025-04-15 13:06:11,29.82,53.69,BuildingB_Floor2,TypeC
1027,2025-04-14 02:58:50,16.47,51.77,BuildingB_Floor1,TypeB
1051,2025-04-13 22:23:02,21.18,53.84,BuildingA_Floor2,TypeB
1035,2025-04-11 09:07:51,20.57,60.17,BuildingA_Floor2,TypeC
1078,2025-04-15 05:51:35,29.82,32.09,BuildingB_Floor2,TypeB
1073,2025-04-12 19:49:07,31.34,53.77,BuildingB_Floor1,TypeA
1090,2025-04-11 13:57:10,32.07,67.85,BuildingA_Floor2,TypeB
1026,2025-04-11 04:32:16,34.78,62.45,BuildingB_Floor2,TypeA
1084,2025-04-13 08:31:19,25.73,73.64,BuildingB_Floor2,TypeA
1021,2025-04-13 21:02:36,22.79,64.86,BuildingB_Floor1,TypeC
1066,2025-04-13 06:28:11,28.29,46.78,BuildingB_Floor2,TypeB
1032,2025-04-14 01:38:57,34.44,57.54,BuildingB_Floor1,TypeB
1080,2025-04-12 02:53:03,21.34,44.04,BuildingA_Floor2,TypeA
1076,2025-04-10 19:19:00,23.82,61.12,BuildingA_Floor1,TypeB
1097,2025-04-14 17:36:21,23.42,35.9,BuildingB_Floor2,TypeC
1030,2025-04-13 22:36:53,33.98,42.74,BuildingA_Floor2,TypeB
1094,2025-04-15 00:05:09,29.53,52.84,BuildingB_Floor1,TypeB
1027,2025-04-14 03:44:25,25.92,46.25,BuildingB_Floor2,TypeA
1012,2025-04-12 00:48:56,29.13,45.91,BuildingA_Floor1,TypeC
1049,2025-04-10 21:42:35,28.87,54.31,BuildingB_Floor2,TypeB
1004,2025-04-15 00:44:34,28.12,40.84,BuildingA_Floor2,TypeC
1100,2025-04-11 19:07:18,29.78,30.99,BuildingB_Floor2,TypeB
1005,2025-04-12 23:52:07,29.78,41.88,BuildingA_Floor1,TypeC
1012,2025-04-14 07:31:47,16.57,54.05,BuildingA_Floor2,TypeA
1054,2025-04-13 06:59:49,24.55,66.2,BuildingA_Floor2,TypeB
1009,2025-04-10 19:59:15,30.78,47.31,BuildingB_Floor2,TypeC
1080,2025-04-11 08:01:07,18.24,47.04,BuildingB_Floor1,TypeC
1013,2025-04-15 14:08:42,28.06,42.36,BuildingA_Floor2,TypeB
1049,2025-04-11 01:08:04,24.77,61.83,BuildingA_Floor2,TypeA
1033,2025-04-11 17:22:16,34.92,30.11,BuildingB_Floor2,TypeC
1023,2025-04-14 09:27:07,21.41,79.25,BuildingB_Floor2,TypeC
1003,2025-04-14 21:01:51,17.13,44.21,BuildingA_Floor1,TypeA
1082,2025-04-11 09:44:07,30.6,77.38,BuildingA_Floor1,TypeA
1045,2025-04-13 20:35:05,32.12,76.71,BuildingB_Floor2,TypeC
1047,2025-04-11 14:01:48,29.58,47.11,BuildingB_Floor2,TypeA
1024,2025-04-14 07:07:41,33.44,68.34,BuildingB_Floor1,TypeA
1053,2025-04-13 03:50:45,26.55,32.4,BuildingB_Floor1,TypeB
1042,2025-04-15 15:11:36,27.83,32.09,BuildingA_Floor2,TypeC
1074,2025-04-15 07:39:41,34.49,49.86,BuildingB_Floor1,TypeB
1024,2025-04-15 13:52:33,22.67,50.9,BuildingA_Floor1,TypeA
1041,2025-04-14 11:16:08,24.41,68.8,BuildingA_Floor2,TypeB
1025,2025-04-14 13:30:20,32.72,60.09,BuildingA_Floor1,TypeC
1076,2025-04-14 04:39:17,30.21,49.14,BuildingB_Floor1,TypeB
1001,2025-04-13 13:49:39,26.45,46.81,BuildingB_Floor2,TypeC
1055,2025-04-12 23:05:52,31.92,31.24,BuildingA_Floor2,TypeB
1049,2025-04-13 03:30:18,17.67,46.02,BuildingA_Floor1,TypeB
1052,2025-04-15 06:11:56,23.95,66.73,BuildingB_Floor2,TypeA
1060,2025-04-13 15:38:02,32.12,44.6,BuildingB_Floor2,TypeB
1087,2025-04-15 08:51:39,30.25,67.33,BuildingA_Floor2,TypeC
1042,2025-04-10 22:28:30,33.42,33.4,BuildingB_Floor2,TypeB
1051,2025-04-14 08:44:29,25.35,56.62,BuildingA_Floor2,TypeC
1041,2025-04-11 07:58:31,29.62,74.91,BuildingA_Floor1,TypeC
1048,2025-04-13 09:38:25,19.38,49.61,BuildingB_Floor1,TypeC
1082,2025-04-11 21:13:22,27.59,32.33,BuildingB_Floor2,TypeC
1011,2025-04-12 05:03:10,19.49,38.34,BuildingA_Floor2,TypeC
1089,2025-04-13 08:51:34,19.66,39.73,BuildingB_Floor2,TypeC
1042,2025-04-14 10:04:46,32.21,30.08,BuildingA_Floor1,TypeC
1084,2025-04-11 00:12:23,33.73,34.28,BuildingB_Floor1,TypeA
1026,2025-04-13 06:03:52,26.91,79.29,BuildingB_Floor1,TypeA
1080,2025-04-10 23:28:29,26.9,73.23,BuildingB_Floor2,TypeA
1079,2025-04-14 15:30:56,21.7,79.06,BuildingB_Floor1,TypeA
1069,2025-04-15 07:25:40,23.66,37.18,BuildingA_Floor1,TypeC
1001,2025-04-11 19:23:41,30.2,47.58,BuildingB_Floor1,TypeA
1068,2025-04-11 13:39:56,18.04,78.83,BuildingA_Floor1,TypeB
1020,2025-04-15 11:48:26,34.64,61.65,BuildingA_Floor2,TypeB
1088,2025-04-11 22:11:06,17.72,76.25,BuildingA_Floor2,TypeA
1005,2025-04-15 06:15:00,27.25,41.71,BuildingA_Floor2,TypeB
1095,2025-04-13 21:24:01,18.7,41.77,BuildingA_Floor2,TypeB
1095,2025-04-12 23:42:39,16.01,54.34,BuildingB_Floor1,TypeC
1043,2025-04-14 10:29:13,28.61,30.42,BuildingB_Floor1,TypeC
1081,2025-04-13 23:12:30,19.53,55.32,BuildingB_Floor1,TypeC
1005,2025-04-14 14:13:56,22.23,66.48,BuildingB_Floor1,TypeB
1041,2025-04-12 22:17:05,16.83,39.13,BuildingB_Floor1,TypeB
1000,2025-04-13 16:07:26,23.52,70.31,BuildingA_Floor2,TypeB
1084,2025-04-12 08:04:00,22.11,47.1,BuildingA_Floor2,TypeA
1100,2025-04-15 11:33:28,33.46,42.48,BuildingA_Floor1,TypeA
1058,2025-04-15 04:02:28,16.47,72.06,BuildingB_Floor1,TypeA
1056,2025-04-14 13:52:57,29.22,37.94,BuildingB_Floor2,TypeB
1004,2025-04-11 23:38:25,26.87,45.41,BuildingB_Floor1,TypeC
1100,2025-04-12 03:50:28,26.25,76.46,BuildingB_Floor2,TypeC
1008,2025-04-12 12:20:38,18.72,50.45,BuildingB_Floor2,TypeA
1072,2025-04-11 23:32:39,27.34,70.41,BuildingA_Floor2,TypeC
1018,2025-04-13 12:51:13,24.96,55.52,BuildingB_Floor1,TypeB
1076,2025-04-12 04:03:23,30.86,61.34,BuildingB_Floor2,TypeA
1041,2025-04-12 14:05:35,28.34,65.71,BuildingA_Floor1,TypeB
1008,2025-04-12 02:56:23,32.36,47.78,BuildingB_Floor2,TypeA
1086,2025-04-11 13:24:21,20.09,36.4,BuildingB_Floor2,TypeA
1070,2025-04-10 23:04:07,21.35,37.81,BuildingA_Floor2,TypeA
1077,2025-04-13 17:37:50,27.14,77.13,BuildingA_Floor1,TypeA
1062,2025-04-13 08:49:48,27.85,68.02,BuildingB_Floor2,TypeA
1037,2025-04-10 17:51:18,16.61,60.38,BuildingB_Floor2,TypeA
1034,2025-04-11 06:41:14,27.12,64.11,BuildingA_Floor2,TypeB
1019,2025-04-11 09:57:22,17.49,68.08,BuildingA_Floor2,TypeA
1061,2025-04-15 14:53:19,20.96,56.83,BuildingA_Floor2,TypeA
1076,2025-04-14 06:13:07,25.64,35.31,BuildingA_Floor2,TypeA
1010,2025-04-15 06:35:44,28.2,47.4,BuildingA_Floor2,TypeC
1037,2025-04-15 14:09:48,20.45,52.34,BuildingA_Floor2,TypeA
1009,2025-04-12 00:14:56,33.1,43.29,BuildingA_Floor2,TypeB
1031,2025-04-14 08:53:36,15.69,49.68,BuildingB_Floor1,TypeC
1020,2025-04-11 03:03:37,31.49,70.67,BuildingB_Floor2,TypeB
1057,2025-04-14 05:03:53,18.74,51.94,BuildingB_Floor1,TypeC
1000,2025-04-14 03:24:20,15.28,78.41,BuildingB_Floor1,TypeB
1089,2025-04-15 04:23:19,16.52,36.08,BuildingB_Floor1,TypeA
1019,2025-04-14 17:37:57,17.06,61.22,BuildingA_Floor1,TypeA
1084,2025-04-13 10:22:56,31.74,39.96,BuildingA_Floor1,TypeA
1024,2025-04-12 04:37:20,24.77,32.0,BuildingB_Floor2,TypeC
1052,2025-04-13 16:37:26,34.82,73.46,BuildingA_Floor1,TypeC
1091,2025-04-12 04:35:23,22.43,42.89,BuildingA_Floor2,TypeA
1031,2025-04-11 00:27:13,32.32,47.03,BuildingB_Floor1,TypeA
1080,2025-04-14 09:56:04,20.42,36.18,BuildingB_Floor1,TypeC
1082,2025-04-14 01:25:26,19.0,33.75,BuildingA_Floor1,TypeC
1016,2025-04-13 05:19:44,32.02,34.24,BuildingA_Floor2,TypeB
1038,2025-04-14 04:20:43,25.97,76.73,BuildingB_Floor2,TypeC
1098,2025-04-10 20:42:10,29.4,49.81,BuildingA_Floor1,TypeA
1019,2025-04-14 01:01:35,26.61,73.68,BuildingB_Floor1,TypeB
1030,2025-04-14 13:49:45,17.65,70.24,BuildingB_Floor2,TypeA
1040,2025-04-11 18:36:24,28.27,39.76,BuildingB_Floor2,TypeB
1080,2025-04-14 16:11:18,20.71,43.8,BuildingB_Floor2,TypeB
1004,2025-04-14 05:48:17,16.04,61.91,BuildingB_Floor1,TypeB
1097,2025-04-12 20:17:44,28.88,72.97,BuildingA_Floor1,TypeC
1038,2025-04-12 09:31:10,21.73,36.45,BuildingB_Floor1,TypeC
1089,2025-04-12 05:22:12,34.01,49.99,BuildingA_Floor1,TypeB
1019,2025-04-11 09:38:44,27.72,35.16,BuildingA_Floor2,TypeB
1019,2025-04-14 17:51:27,24.43,44.41,BuildingB_Floor2,TypeB
1043,2025-04-13 07:46:31,34.95,58.71,BuildingB_Floor1,TypeB
1055,2025-04-14 00:58:07,28.8,38.17,BuildingB_Floor1,TypeA
1027,2025-04-14 13:46:58,25.94,45.29,BuildingB_Floor1,TypeA
1035,2025-04-11 05:13:28,27.81,64.51,BuildingB_Floor1,TypeC
1067,2025-04-13 18:47:13,21.49,60.56,BuildingA_Floor1,TypeC
1077,2025-04-15 06:13:20,23.0,67.86,BuildingA_Floor2,TypeA
1012,2025-04-15 02:44:31,25.68,42.54,BuildingA_Floor2,TypeC
1042,2025-04-14 14:10:55,16.88,50.96,BuildingA_Floor2,TypeC
1027,2025-04-11 12:09:30,21.92,61.41,BuildingB_Floor1,TypeB
1082,2025-04-13 16:03:56,27.68,32.59,BuildingA_Floor1,TypeB
1041,2025-04-13 08:24:39,15.05,36.81,BuildingA_Floor2,TypeA
1063,2025-04-11 14:44:52,20.07,54.37,BuildingB_Floor2,TypeC
1007,2025-04-11 22:33:34,27.8,40.24,BuildingB_Floor1,TypeB
1051,2025-04-15 06:14:03,16.77,52.66,BuildingA_Floor2,TypeC
1048,2025-04-11 10:14:57,22.75,34.34,BuildingA_Floor1,TypeB
1033,2025-04-14 13:58:49,28.57,75.54,BuildingA_Floor1,TypeC
1092,2025-04-12 19:43:30,23.71,43.83,BuildingB_Floor1,TypeC
1010,2025-04-13 04:42:01,31.07,58.01,BuildingB_Floor1,TypeA
1072,2025-04-15 01:18:13,32.25,58.34,BuildingA_Floor2,TypeA
1045,2025-04-14 08:54:38,29.53,40.83,BuildingA_Floor1,TypeB
1038,2025-04-15 13:55:17,23.68,55.41,BuildingA_Floor2,TypeC
1029,2025-04-11 16:01:59,30.8,31.24,BuildingA_Floor1,TypeC
1096,2025-04-14 05:53:51,17.66,73.28,BuildingA_Floor1,TypeC
1057,2025-04-11 01:30:58,20.21,31.0,BuildingB_Floor2,TypeA
1096,2025-04-13 16:47:56,15.42,40.27,BuildingA_Floor2,TypeA
1089,2025-04-15 09:47:47,19.41,30.85,BuildingB_Floor1,TypeC
1070,2025-04-11 08:50:56,20.53,44.73,BuildingB_Floor2,TypeC
1030,2025-04-15 09:38:03,31.61,66.79,BuildingB_Floor2,TypeA
1027,2025-04-11 23:48:16,25.54,62.84,BuildingA_Floor1,TypeB
1097,2025-04-13 03:55:37,25.15,72.45,BuildingB_Floor2,TypeC
1010,2025-04-12 06:00:30,29.06,30.12,BuildingA_Floor1,TypeA
1065,2025-04-14 16:33:24,19.01,77.52,BuildingB_Floor2,TypeC
1038,2025-04-12 04:41:02,17.36,36.29,BuildingB_Floor1,TypeA
1069,2025-04-14 00:23:44,29.77,74.2,BuildingB_Floor2,TypeA
1086,2025-04-10 21:09:38,30.36,77.62,BuildingA_Floor1,TypeA
1089,2025-04-11 14:25:59,34.31,78.26,BuildingA_Floor1,TypeA
1043,2025-04-13 05:18:14,34.44,44.09,BuildingB_Floor1,TypeB
1088,2025-04-11 10:52:31,16.12,68.47,BuildingB_Floor1,TypeC
1085,2025-04-13 02:10:44,16.36,50.13,BuildingA_Floor1,TypeB
1090,2025-04-12 08:44:30,17.42,71.02,BuildingB_Floor1,TypeB
1093,2025-04-14 09:41:51,33.75,40.63,BuildingA_Floor2,TypeC
1034,2025-04-15 15:08:08,29.97,65.38,BuildingA_Floor1,TypeB
1013,2025-04-12 18:01:03,24.66,58.43,BuildingB_Floor2,TypeA
1090,2025-04-13 04:08:51,31.39,38.58,BuildingB_Floor2,TypeB
1004,2025-04-11 08:13:05,23.86,62.13,BuildingA_Floor1,TypeA
1042,2025-04-10 23:42:37,30.56,46.66,BuildingB_Floor2,TypeC
1077,2025-04-11 09:11:51,31.11,31.89,BuildingB_Floor1,TypeB
1078,2025-04-13 22:38:41,24.83,74.67,BuildingA_Floor1,TypeB
1099,2025-04-13 22:59:55,34.37,79.99,BuildingA_Floor1,TypeC
1009,2025-04-15 06:10:00,25.24,56.46,BuildingA_Floor1,TypeB
1092,2025-04-13 22:42:14,34.52,76.28,BuildingA_Floor2,TypeA
1083,2025-04-13 07:50:43,22.61,64.02,BuildingB_Floor2,TypeA
1048,2025-04-12 08:54:07,33.55,79.06,BuildingB_Floor1,TypeB
1029,2025-04-12 08:48:01,24.56,45.45,BuildingB_Floor1,TypeC
1003,2025-04-15 03:58:21,20.65,53.76,BuildingB_Floor1,TypeC
1046,2025-04-12 00:01:31,34.1,66.89,BuildingB_Floor1,TypeA
1026,2025-04-14 00:44:37,32.75,62.85,BuildingA_Floor2,TypeA
1069,2025-04-11 21:27:00,34.62,51.72,BuildingA_Floor1,TypeC
1051,2025-04-14 01:32:03,24.38,43.05,BuildingA_Floor1,TypeC
1048,2025-04-12 13:18:48,24.78,39.37,BuildingA_Floor1,TypeA
1087,2025-04-15 00:48:34,15.52,54.08,BuildingB_Floor2,TypeA
1046,2025-04-15 01:49:05,24.96,72.06,BuildingA_Floor1,TypeC
1046,2025-04-11 13:45:53,32.07,57.58,BuildingA_Floor1,TypeC
1002,2025-04-14 06:40:18,25.01,76.88,BuildingB_Floor2,TypeB
1057,2025-04-15 09:42:56,29.25,59.59,BuildingA_Floor1,TypeC
1098,2025-04-15 08:55:14,18.68,77.8,BuildingA_Floor2,TypeC
1083,2025-04-13 02:31:15,25.72,70.09,BuildingB_Floor2,TypeA
1074,2025-04-13 00:54:18,22.57,64.38,BuildingB_Floor2,TypeC
1052,2025-04-13 01:06:23,19.7,57.17,BuildingB_Floor2,TypeB
1020,2025-04-13 15:48:22,34.94,45.21,BuildingA_Floor2,TypeB
1051,2025-04-15 00:48:06,32.44,67.33,BuildingA_Floor1,TypeB
1092,2025-04-12 10:34:55,15.87,46.28,BuildingB_Floor1,TypeA
1020,2025-04-14 13:46:57,22.13,46.21,BuildingA_Floor2,TypeA
1021,2025-04-12 13:16:30,22.37,55.12,BuildingA_Floor2,TypeC
1091,2025-04-11 01:57:59,25.58,51.98,BuildingA_Floor2,TypeC
1099,2025-04-13 01:15:31,16.39,31.55,BuildingB_Floor1,TypeA
1005,2025-04-14 08:50:29,24.78,39.39,BuildingA_Floor2,TypeA
1096,2025-04-13 09:01:21,20.71,71.14,BuildingB_Floor2,TypeA
1037,2025-04-10 17:29:06,24.72,47.44,BuildingA_Floor2,TypeC
1012,2025-04-15 03:53:41,25.73,69.19,BuildingB_Floor2,TypeB
1003,2025-04-11 12:31:55,17.43,66.16,BuildingB_Floor2,TypeC
1065,2025-04-14 13:01:59,31.07,36.18,BuildingA_Floor2,TypeB
1034,2025-04-14 05:35:51,28.08,76.15,BuildingB_Floor1,TypeA
1092,2025-04-12 08:24:47,33.35,72.38,BuildingA_Floor1,TypeB
1076,2025-04-14 19:41:08,30.04,78.03,BuildingB_Floor1,TypeA
1083,2025-04-14 07:26:50,16.64,32.37,BuildingB_Floor1,TypeA
1011,2025-04-11 10:56:55,22.64,53.2,BuildingB_Floor1,TypeB
1048,2025-04-11 01:30:51,29.56,57.55,BuildingA_Floor1,TypeA
1088,2025-04-13 22:01:24,26.95,44.4,BuildingB_Floor1,TypeA
1074,2025-04-13 01:11:07,24.09,53.47,BuildingA_Floor2,TypeB
1046,2025-04-15 11:23:53,33.27,36.02,BuildingA_Floor1,TypeA
1041,2025-04-11 21:10:51,24.45,68.65,BuildingB_Floor1,TypeC
1032,2025-04-15 02:30:20,25.16,31.7,BuildingB_Floor1,TypeC
1076,2025-04-12 06:43:33,30.36,51.38,BuildingA_Floor2,TypeB
1082,2025-04-14 02:59:58,27.8,79.75,BuildingA_Floor1,TypeB
1062,2025-04-11 07:27:30,32.05,57.65,BuildingA_Floor2,TypeA
1020,2025-04-13 16:39:38,28.29,62.78,BuildingA_Floor2,TypeA
1005,2025-04-12 08:24:26,18.03,42.13,BuildingA_Floor2,TypeC
1088,2025-04-12 03:38:40,18.12,47.49,BuildingA_Floor1,TypeC
1092,2025-04-10 17:37:36,16.28,67.62,BuildingA_Floor2,TypeB
1028,2025-04-13 13:17:18,29.36,77.83,BuildingA_Floor2,TypeC
1046,2025-04-12 01:34:44,23.22,75.91,BuildingA_Floor1,TypeC
1088,2025-04-12 15:31:06,17.33,52.71,BuildingB_Floor1,TypeA
1095,2025-04-13 09:29:35,24.73,31.0,BuildingB_Floor2,TypeC
1048,2025-04-11 18:19:19,30.28,63.91,BuildingB_Floor2,TypeA
1072,2025-04-14 19:13:07,34.79,57.25,BuildingB_Floor2,TypeB
1063,2025-04-14 07:25:51,20.03,36.03,BuildingA_Floor1,TypeA
1010,2025-04-15 06:57:02,15.99,70.74,BuildingB_Floor1,TypeC
1072,2025-04-13 21:06:45,28.79,76.77,BuildingB_Floor1,TypeC
1093,2025-04-11 16:32:40,30.47,70.99,BuildingA_Floor2,TypeC
1028,2025-04-11 01:36:04,32.22,45.42,BuildingB_Floor2,TypeB
1070,2025-04-10 18:58:31,24.11,74.94,BuildingB_Floor1,TypeC
1006,2025-04-13 15:46:51,33.18,60.63,BuildingB_Floor2,TypeC
1012,2025-04-11 00:18:16,27.19,71.7,BuildingA_Floor2,TypeA
1061,2025-04-11 16:06:44,30.14,56.44,BuildingB_Floor2,TypeB
1092,2025-04-13 18:56:56,24.88,64.75,BuildingA_Floor2,TypeC
1009,2025-04-15 00:49:25,19.35,71.02,BuildingA_Floor2,TypeB
1031,2025-04-14 07:52:45,24.22,37.89,BuildingB_Floor2,TypeB
1062,2025-04-11 01:17:46,24.87,68.54,BuildingB_Floor2,TypeC
1095,2025-04-11 08:48:57,22.39,67.01,BuildingB_Floor2,TypeA
1030,2025-04-13 09:49:22,19.16,47.45,BuildingA_Floor2,TypeA
1019,2025-04-11 02:59:36,26.01,53.15,BuildingB_Floor2,TypeB
1094,2025-04-12 21:02:29,30.3,48.7,BuildingB_Floor1,TypeA
1034,2025-04-11 09:10:09,27.8,73.14,BuildingA_Floor1,TypeA
1026,2025-04-15 04:46:48,19.86,32.88,BuildingA_Floor1,TypeB
1069,2025-04-14 23:05:45,27.24,43.12,BuildingB_Floor1,TypeB
1043,2025-04-14 17:14:40,27.46,41.38,BuildingA_Floor2,TypeB
1006,2025-04-12 18:38:43,15.81,55.97,BuildingA_Floor1,TypeA
1029,2025-04-12 05:35:35,24.3,44.81,BuildingB_Floor1,TypeC
1015,2025-04-12 03:24:52,29.76,57.0,BuildingB_Floor2,TypeA
1010,2025-04-15 14:14:13,16.08,64.29,BuildingA_Floor2,TypeC
1002,2025-04-13 21:27:28,15.63,36.91,BuildingB_Floor2,TypeB
1007,2025-04-11 22:43:30,24.12,54.88,BuildingA_Floor1,TypeC
1043,2025-04-11 10:33:08,29.56,34.36,BuildingA_Floor1,TypeC
1064,2025-04-13 16:45:43,18.84,74.52,BuildingA_Floor1,TypeB
1067,2025-04-12 15:01:15,30.23,69.9,BuildingA_Floor2,TypeB
1055,2025-04-10 18:59:37,28.13,65.32,BuildingA_Floor1,TypeB
1050,2025-04-14 05:29:54,17.78,53.6,BuildingA_Floor1,TypeA
1077,2025-04-11 11:40:41,19.14,44.6,BuildingB_Floor2,TypeC
1025,2025-04-15 11:07:00,20.5,78.63,BuildingA_Floor1,TypeA
1058,2025-04-12 06:47:09,34.4,56.59,BuildingA_Floor2,TypeA
1043,2025-04-14 01:27:24,19.97,59.48,BuildingA_Floor1,TypeB
1081,2025-04-14 08:58:59,22.51,73.46,BuildingB_Floor1,TypeB
1014,2025-04-14 18:57:20,26.31,68.62,BuildingA_Floor2,TypeA
1061,2025-04-12 19:44:46,16.86,45.4,BuildingB_Floor2,TypeB
1081,2025-04-11 05:21:58,29.61,55.64,BuildingA_Floor1,TypeA
1071,2025-04-12 03:02:45,27.78,61.2,BuildingA_Floor1,TypeA
1059,2025-04-13 23:05:09,31.31,75.46,BuildingB_Floor2,TypeB
1017,2025-04-13 16:51:29,19.88,48.51,BuildingA_Floor1,TypeB
1078,2025-04-12 07:53:45,27.91,38.85,BuildingB_Floor2,TypeC
1072,2025-04-14 15:57:06,18.45,46.83,BuildingA_Floor1,TypeA
1035,2025-04-15 10:47:22,16.94,48.12,BuildingA_Floor2,TypeC
1053,2025-04-11 17:09:51,27.25,44.69,BuildingB_Floor1,TypeC
1035,2025-04-12 08:52:11,29.11,57.12,BuildingA_Floor1,TypeB
1082,2025-04-13 02:14:59,23.54,50.2,BuildingB_Floor1,TypeC
1033,2025-04-11 01:21:42,19.37,42.52,BuildingA_Floor1,TypeB
1023,2025-04-11 13:30:00,22.77,70.03,BuildingB_Floor2,TypeA
1006,2025-04-11 07:05:38,17.42,31.09,BuildingB_Floor1,TypeB
1035,2025-04-10 19:48:19,29.76,57.42,BuildingA_Floor1,TypeC
1073,2025-04-13 06:52:52,33.68,46.7,BuildingB_Floor1,TypeB
1081,2025-04-13 11:48:16,30.53,52.53,BuildingB_Floor2,TypeC
1098,2025-04-11 17:38:27,18.19,71.7,BuildingB_Floor2,TypeC
1058,2025-04-15 09:25:15,17.03,79.61,BuildingA_Floor2,TypeA
1074,2025-04-13 02:16:20,24.02,44.73,BuildingA_Floor1,TypeC
1087,2025-04-13 23:18:20,23.44,66.93,BuildingB_Floor1,TypeB
1090,2025-04-14 06:42:19,18.01,32.02,BuildingB_Floor2,TypeB
1098,2025-04-12 01:10:38,27.93,65.59,BuildingA_Floor1,TypeA
1025,2025-04-13 18:56:15,22.96,47.36,BuildingB_Floor1,TypeC
1018,2025-04-14 02:41:36,21.89,36.14,BuildingA_Floor2,TypeB
1008,2025-04-13 00:38:27,16.91,76.73,BuildingA_Floor2,TypeC
1039,2025-04-13 20:36:30,27.53,75.53,BuildingA_Floor2,TypeA
1011,2025-04-11 22:05:12,29.59,36.49,BuildingA_Floor1,TypeA
1015,2025-04-11 15:35:27,28.43,47.99,BuildingB_Floor1,TypeB
1059,2025-04-14 10:09:06,17.92,42.73,BuildingA_Floor1,TypeB
1023,2025-04-11 22:50:40,29.46,54.06,BuildingB_Floor2,TypeC
1088,2025-04-13 15:45:06,21.81,74.39,BuildingA_Floor2,TypeA
1033,2025-04-13 00:03:59,24.1,60.45,BuildingB_Floor1,TypeB
1019,2025-04-11 13:18:50,31.8,74.45,BuildingA_Floor1,TypeA
1059,2025-04-12 01:04:20,32.25,77.77,BuildingB_Floor2,TypeB
1000,2025-04-15 04:47:18,22.31,77.65,BuildingB_Floor1,TypeB
1047,2025-04-12 07:23:43,29.19,42.35,BuildingA_Floor2,TypeC
1036,2025-04-13 05:07:23,21.33,54.59,BuildingB_Floor2,TypeB
1051,2025-04-11 00:00:57,33.53,40.2,BuildingB_Floor2,TypeB
1024,2025-04-10 16:29:35,15.28,63.49,BuildingB_Floor1,TypeB
1067,2025-04-10 17:58:51,21.89,66.54,BuildingB_Floor1,TypeA
1033,2025-04-11 17:07:49,33.42,54.69,BuildingB_Floor2,TypeC
1040,2025-04-13 04:08:37,19.07,42.43,BuildingA_Floor2,TypeC
1096,2025-04-12 21:31:28,17.24,39.47,BuildingB_Floor2,TypeA
1066,2025-04-11 13:44:35,17.87,40.91,BuildingB_Floor1,TypeA
1035,2025-04-14 03:36:27,34.71,60.01,BuildingB_Floor1,TypeA
1059,2025-04-14 19:10:38,29.82,67.46,BuildingA_Floor1,TypeB
1038,2025-04-15 04:03:08,18.47,77.47,BuildingA_Floor2,TypeC
1050,2025-04-11 19:09:22,30.39,55.13,BuildingA_Floor2,TypeC
1016,2025-04-11 20:50:33,29.84,40.15,BuildingA_Floor2,TypeC
1073,2025-04-11 15:37:59,30.85,38.92,BuildingA_Floor1,TypeB
1093,2025-04-13 08:34:49,30.83,52.09,BuildingA_Floor2,TypeB
1014,2025-04-12 14:56:43,33.27,48.22,BuildingA_Floor1,TypeA
1093,2025-04-12 10:49:53,25.58,44.37,BuildingB_Floor2,TypeC
1002,2025-04-13 09:10:42,31.49,62.75,BuildingA_Floor1,TypeC
1001,2025-04-11 07:52:44,34.6,75.64,BuildingB_Floor1,TypeB
1018,2025-04-14 09:10:02,30.99,76.16,BuildingB_Floor1,TypeC
1062,2025-04-14 20:41:31,19.98,58.32,BuildingA_Floor1,TypeB
1073,2025-04-11 10:33:52,16.34,48.33,BuildingB_Floor1,TypeA
1093,2025-04-14 17:12:00,20.75,75.64,BuildingA_Floor1,TypeC
1062,2025-04-14 03:41:36,31.95,76.01,BuildingA_Floor2,TypeC
1021,2025-04-13 11:12:39,23.27,49.58,BuildingB_Floor2,TypeC
1023,2025-04-11 16:41:10,23.37,30.29,BuildingA_Floor2,TypeA
1033,2025-04-13 06:34:38,16.79,54.67,BuildingA_Floor2,TypeB
1096,2025-04-10 19:57:39,30.37,35.38,BuildingB_Floor2,TypeA
1091,2025-04-13 11:31:28,34.1,40.5,BuildingB_Floor1,TypeB
1031,2025-04-11 10:38:16,26.55,76.14,BuildingB_Floor1,TypeB
1010,2025-04-15 02:30:22,28.87,64.23,BuildingB_Floor1,TypeB
1041,2025-04-14 14:53:14,25.0,66.28,BuildingB_Floor2,TypeA
1008,2025-04-14 10:06:39,27.48,49.95,BuildingA_Floor2,TypeB
1014,2025-04-12 02:34:37,15.78,44.84,BuildingB_Floor1,TypeB
1004,2025-04-15 02:45:35,19.9,76.05,BuildingB_Floor2,TypeB
1094,2025-04-15 08:15:59,18.11,76.96,BuildingA_Floor1,TypeB
1080,2025-04-10 23:53:42,16.77,44.83,BuildingB_Floor1,TypeA
1025,2025-04-12 07:36:56,25.07,55.2,BuildingB_Floor2,TypeB
1060,2025-04-11 18:31:39,29.67,34.0,BuildingB_Floor1,TypeC
1003,2025-04-12 06:32:18,27.53,74.19,BuildingA_Floor2,TypeA
1092,2025-04-11 04:54:39,30.88,50.84,BuildingB_Floor1,TypeC
1069,2025-04-11 22:20:33,29.19,56.52,BuildingB_Floor2,TypeB
1004,2025-04-15 00:44:10,25.07,45.18,BuildingB_Floor1,TypeA
1055,2025-04-14 11:35:56,34.54,65.17,BuildingA_Floor2,TypeC
1053,2025-04-12 10:14:57,15.71,37.43,BuildingB_Floor1,TypeB
1013,2025-04-15 07:54:24,32.63,60.16,BuildingB_Floor1,TypeB
1040,2025-04-14 07:42:15,17.85,69.86,BuildingA_Floor2,TypeB
1000,2025-04-12 21:59:28,18.99,65.8,BuildingB_Floor2,TypeB
1000,2025-04-14 05:55:19,24.05,63.28,BuildingB_Floor2,TypeA
1005,2025-04-12 13:38:04,26.91,42.13,BuildingA_Floor1,TypeC
1069,2025-04-12 05:37:28,32.8,37.1,BuildingA_Floor1,TypeB
1038,2025-04-13 11:43:52,21.43,51.81,BuildingA_Floor2,TypeA
1061,2025-04-11 02:43:07,28.93,79.46,BuildingA_Floor2,TypeC
1006,2025-04-13 12:51:55,25.51,68.13,BuildingB_Floor2,TypeC
1021,2025-04-10 16:13:27,31.21,36.56,BuildingB_Floor1,TypeA
1021,2025-04-14 12:11:47,29.15,30.9,BuildingB_Floor2,TypeA
1099,2025-04-10 19:43:16,32.48,43.6,BuildingA_Floor1,TypeC
1012,2025-04-15 01:00:53,25.7,51.12,BuildingA_Floor2,TypeA
1044,2025-04-13 05:23:49,17.35,30.18,BuildingA_Floor1,TypeA
1022,2025-04-14 03:17:36,16.65,57.51,BuildingB_Floor2,TypeC
1038,2025-04-14 13:19:15,19.89,79.94,BuildingA_Floor1,TypeB
1091,2025-04-12 12:06:14,22.58,58.96,BuildingA_Floor2,TypeA
1079,2025-04-10 19:49:19,20.13,61.57,BuildingB_Floor2,TypeC
1039,2025-04-12 04:17:28,23.37,63.95,BuildingB_Floor2,TypeB
1023,2025-04-13 05:42:14,19.03,51.54,BuildingB_Floor1,TypeB
1056,2025-04-11 17:31:57,30.88,35.77,BuildingB_Floor1,TypeA
1000,2025-04-14 14:42:58,25.79,67.47,BuildingB_Floor2,TypeA
1016,2025-04-14 00:21:04,21.83,62.85,BuildingA_Floor2,TypeB
1007,2025-04-12 23:05:02,31.16,63.88,BuildingA_Floor1,TypeA
1078,2025-04-12 18:41:18,24.06,31.09,BuildingB_Floor1,TypeC
1094,2025-04-12 17:04:07,28.75,38.28,BuildingB_Floor1,TypeB
1033,2025-04-13 19:24:20,33.39,36.69,BuildingB_Floor2,TypeA
1091,2025-04-14 10:26:19,27.23,36.05,BuildingA_Floor1,TypeA
1081,2025-04-11 14:12:18,24.72,37.19,BuildingA_Floor1,TypeC
1019,2025-04-12 17:35:24,24.26,63.99,BuildingA_Floor2,TypeC
1006,2025-04-11 18:34:27,34.01,50.54,BuildingA_Floor1,TypeB
1041,2025-04-11 08:23:12,26.45,37.96,BuildingA_Floor1,TypeA
1045,2025-04-12 05:46:29,34.97,75.37,BuildingB_Floor1,TypeC
1091,2025-04-12 02:52:18,20.12,68.64,BuildingB_Floor1,TypeB
1031,2025-04-13 06:29:41,30.32,51.04,BuildingB_Floor1,TypeA
1038,2025-04-14 19:51:58,23.42,58.95,BuildingB_Floor2,TypeC
1038,2025-04-13 12:43:23,16.36,52.18,BuildingB_Floor1,TypeC
1025,2025-04-12 05:20:27,34.91,35.44,BuildingB_Floor2,TypeC
1061,2025-04-11 00:49:40,16.2,50.69,BuildingB_Floor2,TypeC
1088,2025-04-11 04:57:55,34.25,53.78,BuildingA_Floor2,TypeB
1004,2025-04-11 20:39:21,16.72,77.17,BuildingB_Floor2,TypeA
1087,2025-04-12 18:31:45,16.41,47.64,BuildingB_Floor1,TypeB
1050,2025-04-12 11:28:21,20.65,35.43,BuildingB_Floor1,TypeB
1002,2025-04-15 00:16:17,17.59,46.73,BuildingA_Floor1,TypeC
1036,2025-04-14 13:29:44,21.21,45.97,BuildingB_Floor2,TypeC
1004,2025-04-15 09:38:16,15.37,72.0,BuildingB_Floor1,TypeB
1021,2025-04-11 17:59:02,16.78,59.33,BuildingB_Floor1,TypeA
1096,2025-04-12 09:12:48,22.29,46.59,BuildingB_Floor1,TypeC
1053,2025-04-10 18:39:51,22.47,45.15,BuildingB_Floor2,TypeA
1041,2025-04-11 01:33:21,17.85,31.16,BuildingA_Floor1,TypeA
1028,2025-04-13 22:04:11,15.41,48.97,BuildingB_Floor2,TypeC
1094,2025-04-14 22:59:53,34.36,55.73,BuildingA_Floor1,TypeC
1040,2025-04-12 20:47:05,22.68,63.6,BuildingB_Floor1,TypeC
1019,2025-04-10 19:30:08,26.86,60.8,BuildingA_Floor1,TypeC
1082,2025-04-10 16:42:36,27.43,48.45,BuildingB_Floor2,TypeB
1069,2025-04-11 10:28:34,28.57,40.84,BuildingB_Floor2,TypeB
1081,2025-04-13 08:37:55,28.46,66.46,BuildingA_Floor2,TypeB
1008,2025-04-14 13:14:29,28.47,31.04,BuildingB_Floor2,TypeB
1022,2025-04-10 21:03:46,20.63,32.32,BuildingA_Floor2,TypeA
1078,2025-04-12 02:51:55,21.29,67.74,BuildingB_Floor2,TypeB
1034,2025-04-11 19:19:18,20.8,68.69,BuildingB_Floor1,TypeB
1092,2025-04-12 05:43:07,29.04,55.33,BuildingB_Floor1,TypeC
1029,2025-04-15 00:58:55,18.19,56.92,BuildingA_Floor1,TypeA
1084,2025-04-11 01:10:14,32.92,63.54,BuildingB_Floor1,TypeC
1072,2025-04-14 13:17:44,24.85,59.51,BuildingB_Floor2,TypeB
1069,2025-04-11 01:46:13,15.59,64.5,BuildingA_Floor2,TypeC
1059,2025-04-15 06:14:38,24.48,50.34,BuildingB_Floor1,TypeC
1057,2025-04-12 15:14:35,23.11,37.48,BuildingA_Floor1,TypeA
1079,2025-04-14 19:21:13,33.71,38.47,BuildingB_Floor2,TypeA
1039,2025-04-13 18:09:31,28.82,42.7,BuildingA_Floor1,TypeC
1022,2025-04-12 15:20:05,21.58,32.93,BuildingB_Floor2,TypeC
1059,2025-04-14 12:00:16,17.83,64.22,BuildingB_Floor1,TypeB
1063,2025-04-12 07:38:07,15.85,66.1,BuildingB_Floor1,TypeB
1074,2025-04-14 17:07:42,17.37,38.65,BuildingB_Floor2,TypeC
1047,2025-04-14 14:13:26,24.74,38.73,BuildingA_Floor2,TypeA
1035,2025-04-12 08:38:57,16.21,70.69,BuildingB_Floor1,TypeC
1007,2025-04-14 22:02:17,27.03,49.97,BuildingA_Floor2,TypeB
1028,2025-04-12 22:59:27,31.3,59.3,BuildingA_Floor1,TypeC
1038,2025-04-13 23:01:41,24.74,43.57,BuildingA_Floor1,TypeC
1007,2025-04-12 00:50:18,24.91,51.91,BuildingB_Floor1,TypeA
1038,2025-04-10 21:57:39,29.43,56.62,BuildingA_Floor2,TypeC
1025,2025-04-10 19:21:34,21.63,64.25,BuildingB_Floor1,TypeC
1071,2025-04-12 11:02:55,18.95,74.5,BuildingA_Floor2,TypeA
1041,2025-04-14 23:33:25,18.19,52.91,BuildingB_Floor2,TypeC
1004,2025-04-13 23:33:40,19.12,51.98,BuildingB_Floor2,TypeB
1049,2025-04-12 09:40:34,19.22,38.18,BuildingB_Floor1,TypeB
1085,2025-04-12 12:48:37,16.25,52.43,BuildingA_Floor2,TypeC
1039,2025-04-15 09:45:08,16.79,63.82,BuildingB_Floor2,TypeA
1064,2025-04-14 21:58:05,27.51,70.77,BuildingB_Floor1,TypeA
1051,2025-04-11 13:06:39,33.21,78.31,BuildingB_Floor1,TypeA
1063,2025-04-11 20:43:56,26.11,35.47,BuildingA_Floor2,TypeB
1047,2025-04-14 19:54:21,18.0,75.4,BuildingA_Floor1,TypeA
1045,2025-04-14 05:16:06,18.62,43.33,BuildingB_Floor2,TypeB
1076,2025-04-12 19:23:46,19.91,69.08,BuildingB_Floor1,TypeB
1047,2025-04-15 01:48:58,17.03,54.82,BuildingA_Floor1,TypeB
1030,2025-04-15 08:07:56,15.71,36.54,BuildingB_Floor2,TypeA
1024,2025-04-10 19:19:43,34.85,47.65,BuildingB_Floor2,TypeA
1069,2025-04-14 14:34:17,18.62,58.76,BuildingB_Floor2,TypeA
1065,2025-04-13 02:16:40,18.12,70.72,BuildingB_Floor1,TypeC
1007,2025-04-14 18:00:55,23.18,31.0,BuildingA_Floor1,TypeB
1053,2025-04-12 14:39:01,33.69,69.15,BuildingB_Floor1,TypeB
1066,2025-04-12 07:03:30,24.59,65.94,BuildingA_Floor1,TypeC
1082,2025-04-12 03:32:31,23.28,63.39,BuildingB_Floor1,TypeC
1035,2025-04-12 15:52:53,31.44,78.24,BuildingA_Floor1,TypeB
1008,2025-04-12 17:57:01,32.66,59.48,BuildingA_Floor2,TypeC
1033,2025-04-13 02:27:58,26.24,52.92,BuildingB_Floor2,TypeB
1006,2025-04-14 05:09:52,26.14,43.52,BuildingA_Floor2,TypeA
1039,2025-04-11 16:09:34,20.73,40.88,BuildingB_Floor2,TypeA
1100,2025-04-11 21:45:03,19.19,46.96,BuildingB_Floor1,TypeB
1039,2025-04-12 02:04:40,18.42,78.38,BuildingB_Floor1,TypeB
1059,2025-04-15 15:25:42,26.63,50.66,BuildingB_Floor1,TypeC
1000,2025-04-11 19:49:33,23.27,47.29,BuildingA_Floor1,TypeC
1072,2025-04-15 01:10:14,26.76,53.36,BuildingA_Floor1,TypeB
1019,2025-04-12 13:22:43,15.56,62.3,BuildingA_Floor1,TypeB
1090,2025-04-13 00:08:11,25.2,52.63,BuildingB_Floor2,TypeA
1062,2025-04-13 20:06:45,34.49,67.89,BuildingA_Floor1,TypeA
1075,2025-04-15 00:18:36,27.01,37.06,BuildingB_Floor2,TypeB
1085,2025-04-14 22:50:26,33.86,54.93,BuildingB_Floor2,TypeB
1082,2025-04-13 21:59:04,20.6,51.59,BuildingA_Floor2,TypeA
1059,2025-04-12 22:43:40,33.99,47.61,BuildingA_Floor2,TypeA
1008,2025-04-11 01:06:20,30.85,64.02,BuildingB_Floor1,TypeC
1019,2025-04-11 10:12:43,24.44,35.12,BuildingA_Floor1,TypeC
1096,2025-04-10 19:06:03,24.03,73.07,BuildingB_Floor2,TypeC
1077,2025-04-11 02:55:46,23.39,78.8,BuildingA_Floor2,TypeC
1022,2025-04-12 01:54:25,15.26,61.53,BuildingA_Floor1,TypeC
1031,2025-04-11 19:54:31,30.84,50.5,BuildingB_Floor2,TypeB
1058,2025-04-12 12:19:40,19.29,75.23,BuildingB_Floor2,TypeC
1015,2025-04-13 05:54:03,24.74,33.57,BuildingB_Floor1,TypeA
1023,2025-04-11 23:27:55,16.21,71.12,BuildingB_Floor2,TypeC
1078,2025-04-10 19:12:42,21.09,59.72,BuildingB_Floor1,TypeB
1017,2025-04-14 02:52:54,33.77,34.0,BuildingA_Floor1,TypeC
1078,2025-04-14 09:32:20,17.67,31.07,BuildingB_Floor1,TypeC
1010,2025-04-11 05:40:42,27.41,74.1,BuildingA_Floor1,TypeB
1045,2025-04-14 20:03:23,32.36,54.85,BuildingB_Floor1,TypeC
1008,2025-04-11 23:55:15,23.83,65.01,BuildingB_Floor2,TypeB
1097,2025-04-14 19:11:48,23.99,55.9,BuildingB_Floor2,TypeB
1087,2025-04-12 22:05:21,16.38,77.44,BuildingA_Floor2,TypeA
1076,2025-04-11 16:39:43,30.3,32.09,BuildingB_Floor2,TypeB
1033,2025-04-15 08:40:30,34.06,45.93,BuildingA_Floor1,TypeC
1098,2025-04-12 18:24:51,22.39,79.34,BuildingA_Floor2,TypeC
1086,2025-04-11 03:51:01,22.34,40.63,BuildingA_Floor2,TypeA
1038,2025-04-14 06:46:06,27.98,71.58,BuildingB_Floor2,TypeC
1055,2025-04-11 23:58:30,29.07,68.58,BuildingA_Floor2,TypeC
1079,2025-04-11 13:40:59,21.0,46.99,BuildingB_Floor1,TypeC
1043,2025-04-14 16:33:04,28.91,31.06,BuildingA_Floor1,TypeC
1007,2025-04-11 23:42:37,24.4,39.49,BuildingA_Floor2,TypeB
1000,2025-04-13 14:11:34,25.18,60.39,BuildingB_Floor1,TypeA
1082,2025-04-11 04:02:20,21.35,51.24,BuildingB_Floor2,TypeA
1059,2025-04-15 15:22:12,16.53,68.73,BuildingB_Floor1,TypeC
1080,2025-04-12 20:21:01,33.66,59.62,BuildingA_Floor2,TypeB
1068,2025-04-11 06:00:40,28.78,78.26,BuildingB_Floor1,TypeB
1066,2025-04-15 14:54:12,21.25,73.27,BuildingB_Floor1,TypeB
1093,2025-04-13 05:53:04,18.08,69.83,BuildingA_Floor2,TypeA
1047,2025-04-13 12:42:00,32.59,79.43,BuildingA_Floor1,TypeC
1100,2025-04-15 03:43:51,32.89,59.38,BuildingB_Floor2,TypeC
1084,2025-04-12 15:52:09,25.73,72.57,BuildingB_Floor1,TypeC
1028,2025-04-14 06:47:43,25.34,32.23,BuildingB_Floor1,TypeB
1018,2025-04-14 03:38:14,15.4,50.42,BuildingA_Floor1,TypeC
1063,2025-04-11 14:02:17,25.7,65.12,BuildingB_Floor2,TypeB
1093,2025-04-11 01:58:32,34.6,54.7,BuildingB_Floor1,TypeB
1006,2025-04-14 20:49:33,18.93,50.03,BuildingB_Floor1,TypeB
1085,2025-04-13 06:45:21,30.46,69.75,BuildingA_Floor1,TypeB
1013,2025-04-14 04:34:34,32.31,65.91,BuildingB_Floor2,TypeA
1042,2025-04-11 18:35:24,21.5,66.1,BuildingA_Floor2,TypeC
1000,2025-04-15 14:11:20,30.1,73.56,BuildingB_Floor2,TypeB
1020,2025-04-14 13:30:46,30.72,65.11,BuildingB_Floor1,TypeB
1006,2025-04-12 23:16:32,21.55,67.66,BuildingA_Floor2,TypeA
1064,2025-04-10 18:21:53,19.39,37.16,BuildingB_Floor1,TypeC
1026,2025-04-12 03:57:46,19.71,55.24,BuildingB_Floor1,TypeC
1010,2025-04-14 15:44:17,26.48,52.75,BuildingB_Floor2,TypeA
1029,2025-04-14 19:08:35,29.48,57.38,BuildingB_Floor2,TypeC
1010,2025-04-14 06:01:11,25.64,44.53,BuildingB_Floor2,TypeC
1070,2025-04-11 19:37:43,22.08,62.3,BuildingA_Floor2,TypeA
1054,2025-04-11 09:38:59,19.32,46.96,BuildingB_Floor2,TypeB
1020,2025-04-13 12:08:08,33.27,76.81,BuildingB_Floor2,TypeA
1027,2025-04-13 04:46:44,20.95,71.74,BuildingA_Floor2,TypeB
1047,2025-04-14 09:52:26,21.42,30.92,BuildingB_Floor1,TypeA
1044,2025-04-11 19:01:19,19.88,74.22,BuildingB_Floor1,TypeB
1054,2025-04-14 19:33:03,28.89,74.09,BuildingA_Floor2,TypeC
1043,2025-04-14 17:59:28,19.89,36.43,BuildingB_Floor1,TypeA
1098,2025-04-14 09:02:38,21.87,57.79,BuildingA_Floor2,TypeA
1044,2025-04-14 18:35:36,30.87,55.76,BuildingB_Floor1,TypeA
1010,2025-04-13 01:10:59,33.26,69.58,BuildingA_Floor2,TypeB
1050,2025-04-15 01:30:09,18.31,42.13,BuildingA_Floor2,TypeC
1034,2025-04-11 09:45:45,21.49,51.71,BuildingB_Floor1,TypeA
1042,2025-04-12 14:40:41,22.36,32.05,BuildingA_Floor2,TypeC
1039,2025-04-15 08:44:39,29.54,64.09,BuildingB_Floor2,TypeC
1003,2025-04-15 13:17:24,17.66,58.29,BuildingB_Floor2,TypeA
1005,2025-04-13 18:29:43,30.55,68.34,BuildingB_Floor2,TypeA
1052,2025-04-14 14:26:51,23.83,33.15,BuildingA_Floor1,TypeC
1085,2025-04-12 19:28:25,27.18,38.14,BuildingB_Floor2,TypeB
1043,2025-04-13 23:09:24,31.85,37.68,BuildingA_Floor2,TypeA
1007,2025-04-14 12:20:46,27.93,79.37,BuildingB_Floor2,TypeC
1055,2025-04-13 15:47:42,22.51,72.97,BuildingA_Floor2,TypeA
1059,2025-04-11 11:33:56,34.2,60.85,BuildingA_Floor1,TypeB
1059,2025-04-15 02:25:09,15.59,35.44,BuildingB_Floor2,TypeA
1042,2025-04-14 10:22:23,21.09,40.67,BuildingB_Floor1,TypeA
1098,2025-04-15 09:35:32,18.3,58.56,BuildingA_Floor1,TypeB
1063,2025-04-12 15:59:01,18.24,65.37,BuildingB_Floor2,TypeB
1037,2025-04-12 13:28:30,22.49,77.53,BuildingB_Floor2,TypeC
1085,2025-04-11 22:29:14,22.51,68.12,BuildingA_Floor1,TypeA
1082,2025-04-14 23:08:11,29.56,51.34,BuildingA_Floor1,TypeB
1022,2025-04-15 06:28:18,25.87,45.42,BuildingB_Floor1,TypeB
1059,2025-04-12 11:59:20,19.07,47.28,BuildingB_Floor1,TypeB
1040,2025-04-15 02:38:54,25.02,34.72,BuildingB_Floor2,TypeC
1068,2025-04-10 16:56:11,18.52,37.54,BuildingB_Floor2,TypeC
1081,2025-04-14 18:47:22,21.78,37.82,BuildingA_Floor1,TypeA
1063,2025-04-11 05:43:42,26.24,41.96,BuildingB_Floor1,TypeA
1061,2025-04-15 08:41:59,26.53,43.72,BuildingA_Floor1,TypeC
1064,2025-04-11 01:24:34,23.44,57.83,BuildingA_Floor1,TypeB
1072,2025-04-11 20:56:20,18.78,64.7,BuildingB_Floor1,TypeA
1070,2025-04-12 12:03:03,23.35,69.17,BuildingA_Floor1,TypeA
1006,2025-04-14 08:16:38,20.8,35.79,BuildingA_Floor2,TypeC
1065,2025-04-14 08:15:49,29.8,44.67,BuildingB_Floor2,TypeA
1064,2025-04-10 20:14:46,23.16,36.6,BuildingB_Floor1,TypeC
1021,2025-04-10 17:00:33,31.7,35.95,BuildingA_Floor2,TypeA
1047,2025-04-15 02:31:03,28.06,44.54,BuildingA_Floor2,TypeA
1031,2025-04-14 22:10:56,26.84,56.27,BuildingA_Floor1,TypeC
1003,2025-04-13 06:34:54,18.94,60.95,BuildingB_Floor1,TypeA
1036,2025-04-14 15:36:25,27.64,37.24,BuildingA_Floor2,TypeB
1033,2025-04-12 14:01:31,19.71,77.03,BuildingA_Floor2,TypeB
1039,2025-04-11 14:56:45,31.18,50.26,BuildingB_Floor2,TypeA
